2013-03-01;5,875;;;
2013-03-02;10,25;;;
2013-03-03;15,3333;;;
2013-03-04;17,0417;;;
2013-03-05;17,125;;;
2013-03-06;10,5417;;;
2013-03-07;13,875;;;
2013-03-08;20,1667;;;
2013-03-09;17,7083;;;
2013-03-10;10,2917;;;
2013-03-11;14,2917;;;
2013-03-12;16,375;;;
2013-03-13;24,6667;;;
2013-03-14;20;;;
2013-03-15;25,5833;;;
2013-03-16;30,1667;;;
2013-03-17;26,7083;;;
2013-03-18;23,0417;;;
2013-03-19;17,6522;;;
2013-03-20;16,5417;;;
2013-03-21;16,375;;;
2013-03-22;20,9167;;;
2013-03-23;28,0833;;;
2013-03-24;24,625;;;
2013-03-25;16,3333;;;
2013-03-26;25,6667;;;
2013-03-27;34,8333;;;
2013-03-28;32,375;;;
2013-03-29;22,875;;;
2013-03-30;24,7917;;;
2013-03-31;16;;;
2013-04-01;12,8182;;;
2013-04-02;25,8571;;;
2013-04-03;29,5;;;
2013-04-04;28,7917;;;
2013-04-05;34,9583;;;
2013-04-06;13,875;;;
2013-04-07;12,2174;;;
2013-04-08;17,375;;;
2013-04-09;25,2917;;;
2013-04-10;24,0417;;;
2013-04-11;15,5;;;
2013-04-12;17,125;;;
2013-04-13;42,2083;;;
2013-04-14;30,25;;;
2013-04-15;27,5417;;;
2013-04-16;26,9565;;;
2013-04-17;31,75;;;
2013-04-18;34;;;
2013-04-19;24,3913;;;
2013-04-20;19,6667;;;
2013-04-21;17,9583;;;
2013-04-22;23,2083;;;
2013-04-23;27,625;;;
2013-04-24;50,1666;;;
2013-04-25;49,2916;;;
2013-04-26;37,0416;;;
2013-04-27;52,8333;;;
2013-04-28;67,4583;;;
2013-04-29;51,1666;;;
2013-04-30;33,2173;;;
2013-05-01;48,7083;;;
2013-05-08;63,2173;;;
2013-05-09;57,4583;;;
2013-05-10;33,2083;;;
2013-05-11;23,7273;;;
2013-05-12;20,5833;;;
2013-05-13;47,25;;;
2013-05-14;76,75;;;
2013-05-15;28,8333;;;
2013-05-16;69,3635;;;
2013-05-17;126,625;;;
2013-05-18;79,375;;;
2013-05-19;66,3043;;;
2013-05-20;69,6521;;;
2013-05-21;63,0435;;;
2013-05-22;95,4166;;;
2013-05-23;130,208;;;
2013-05-24;105,833;;;
2013-05-25;121,875;;;
2013-05-26;64,2916;;;
2013-05-27;20,9545;;;
2013-05-29;37,826;;;
2013-05-30;87,9564;;;
2013-06-01;45,5;;;
2013-06-02;56,9166;;;
2013-06-03;49,6666;;;
2013-06-04;39,0435;;;
2013-06-05;24,913;;;
2013-06-06;46,4348;;;
2013-06-07;60,6522;;;
2013-06-08;48,0416;;;
2013-06-09;62,8333;;;
2013-06-10;126,917;;;
2013-06-11;85,619;;;
2013-06-12;;;544,708;
2013-06-13;94,3999;;;
2013-06-14;;;537;
2013-06-15;58,5416;;;
2013-06-16;18,0833;;;
2013-06-17;31,9583;;;
2013-06-18;82,9583;;;
2013-06-19;39,7391;;;
2013-06-20;123,292;;;
2013-06-21;127,708;;;
2013-06-22;75,9583;;;
2013-06-23;29,5417;;;
2013-06-24;24,6087;;;
2013-06-25;41,9583;;;
2013-06-26;50,5416;;;
2013-06-27;24,1053;;;
2013-06-28;;;343,292;
2013-07-01;;;343,611;
2013-07-02;53,0416;;;
2013-07-03;29,9167;;;
2013-07-04;35,9091;;;
2013-07-05;39,1666;;;
2013-07-06;25,9167;;;
2013-07-07;59,7916;;;
2013-07-08;64,5;;;
2013-07-09;41,7916;;;
2013-07-10;22,2917;;;
2013-07-11;28,4167;;;
2013-07-12;20,25;;;
2013-07-13;37,2083;;;
2013-07-14;55,75;;;
2013-07-15;18,25;;;
2013-07-16;16,5833;;;
2013-07-17;36,75;;;
2013-07-18;51,125;;;
2013-07-19;36,625;;;
2013-07-20;63,9091;;;
2013-07-21;69,625;;;
2013-07-22;75,0416;;;
2013-07-23;59,75;;;
2013-07-24;89,3043;;;
2013-07-25;100,5;;;
2013-07-26;82,2083;;;
2013-07-27;120,75;;;
2013-07-28;83,375;;;
2013-07-29;41,0416;;;
2013-07-30;48,7083;;;
2013-07-31;95,125;;;
2013-08-01;112,667;;;
2013-08-02;63,5;;;
2013-08-03;53,875;;;
2013-08-04;59,375;;;
2013-08-05;57,5416;;;
2013-08-06;96,2083;;;
2013-08-07;44,75;;;
2013-08-08;73,7916;;;
2013-08-09;47,2916;;;
2013-08-10;102;;;
2013-08-11;68;;;
2013-08-12;24,375;;;
2013-08-13;26,5417;;;
2013-08-14;60,25;;;
2013-08-15;72,6666;;;
2013-08-16;49,5;;;
2013-08-17;70,0833;;;
2013-08-18;62,625;;;
2013-08-19;29,1667;;;
2013-08-20;39,2916;;;
2013-08-21;58,2083;;;
2013-08-22;15,1364;;;
2013-08-23;32,8333;;;
2013-08-24;48,2083;;;
2013-08-25;97,5;;;
2013-08-26;66,2916;;;
2013-08-27;40,7916;;;
2013-08-28;20,4167;;;
2013-08-29;32,9166;;;
2013-08-30;38,625;;;
2013-08-31;30,625;;;
2013-09-01;59,8333;;;
2013-09-02;56,0833;;;
2013-09-03;56,5;;;
2013-09-04;52,125;;;
2013-09-05;18,1667;;;
2013-09-07;23,2917;;;
2013-09-08;24,4167;;;
2013-09-09;19,6667;;;
2013-09-11;13,3333;;;
2013-09-12;14,8333;;;
2013-09-13;32,5416;;;
2013-09-14;33,2916;;;
2013-09-15;21,75;;;
2013-09-16;32,3913;;;
2013-09-17;39,375;;;
2013-09-18;31,25;;;
2013-09-19;21,1667;;;
2013-09-20;11,7083;;;
2013-09-21;17,125;;;
2013-09-22;25,6522;;;
2013-09-23;30,625;;;
2013-09-24;26,0833;;;
2013-09-25;21,5;;;
2013-09-26;30,7083;;;
2013-09-27;16,5417;;;
2013-09-28;27,9583;;;
2013-09-29;26,0833;;;
2013-09-30;21,9583;;;
2013-10-01;19,1667;;;
2013-10-02;20,5;;;
2013-10-03;14,25;;;
2013-10-04;14,9583;;;
2013-10-05;21,3333;;;
2013-10-06;17,9583;;;
2013-10-07;16,1667;;;
2013-10-08;15,5417;;;
2013-10-09;13,4167;;;
2013-10-10;17,375;;;
2013-10-11;12,8182;;;
2013-10-13;17;;;
2013-10-14;13,375;;;
2013-10-15;13,8333;;;
2013-10-16;14,3333;;;
2013-10-17;16,1667;;;
2013-10-18;16,125;;;
2013-10-19;14,3333;;;
2013-10-20;9,54166;;;
2013-10-21;13,4583;;;
2013-10-22;11,4583;;;
2013-10-23;8,54166;;;
2013-10-24;16,6667;;;
2013-10-25;13,5417;;;
2013-10-26;17,5833;;;
2013-10-27;16,0417;;;
2013-10-28;11,6667;;;
2013-10-29;15,875;;;
2013-10-30;12,875;;;
2013-10-31;11,125;;;
2013-11-01;9,91666;;;
2013-11-02;11,0417;;;
2013-11-03;10,4167;;;
2013-11-04;12,0417;;;
2013-11-05;12,9167;;;
2013-11-06;6;;;
2013-11-07;8,125;;;
2013-11-08;5,79166;;;
2013-11-09;7,125;;;
2013-11-10;4,5;;;
2013-11-11;;;504;
2013-11-12;8,125;;;
2013-11-13;8,54166;;;
2013-11-14;3,16666;;;
2013-11-15;5,58333;;;
2013-11-16;9,29166;;;
2013-11-17;10,3333;;;
2013-11-18;8,21738;;;
2013-11-19;9,58333;;;
2013-11-20;14,5833;;;
2013-11-21;13,0417;;;
2013-11-22;11,75;;;
2013-11-23;10,75;;;
2013-11-24;5,25;;;
2013-11-25;4,125;;;
2013-11-26;6,5;;;
2013-11-27;10,3333;;;
2013-11-28;8,66666;;;
2013-11-29;10,125;;;
2013-11-30;8,45833;;;
2013-12-01;7,20833;;;
2013-12-02;6,04166;;;
2013-12-03;5,83333;;;
2013-12-04;5,41666;;;
2013-12-05;5,66666;;;
2013-12-06;9,79999;;;
2013-12-07;7,66666;;;
2013-12-08;4,29166;;;
2013-12-09;6,125;;;
2013-12-10;10,4783;;;
2013-12-11;9,91666;;;
2013-12-12;8,91666;;;
2013-12-13;12,4583;;;
2013-12-14;12,2917;;;
2013-12-15;12,2083;;;
2013-12-16;9;;;
2013-12-17;10,625;;;
2013-12-18;6;;;
2013-12-19;8,20833;;;
2013-12-20;9,45833;;;
2013-12-21;8,5;;;
2013-12-22;16,5;;;
2013-12-24;15,6667;;;
2013-12-25;9,58333;;;
2013-12-26;9,875;;;
2013-12-27;7,875;;;
2013-12-28;9,04166;;;
2013-12-29;5,75;;;
2013-12-30;4,625;;;
2013-12-31;9,95833;;;
2014-01-01;5,83333;;;
2014-01-02;4,91666;;;
2014-01-03;9,20833;;;
2014-01-04;8,95833;;;
2014-01-05;18,9167;;;
2014-01-06;15,7391;;;
2014-01-07;12,6;;;
2014-01-08;23,5833;;;
2014-01-09;31,9167;;;
2014-01-10;8,20833;;;
2014-01-11;10,6667;;;
2014-01-12;11,0417;;;
2014-01-13;12,3333;;;
2014-01-14;14,7917;;;
2014-01-15;29,375;;;
2014-01-16;8,875;;;
2014-01-17;8,04166;;;
2014-01-18;7,04166;;;
2014-01-19;6,29166;;;
2014-01-20;6,04166;;;
2014-01-21;7,52174;;;
2014-01-22;6,75;;;
2014-01-23;5,61904;;;
2014-01-24;6,5;;;
2014-01-25;9,79166;;;
2014-01-26;8,83333;;;
2014-01-27;7,16666;;;
2014-01-28;11,2083;;;
2014-01-29;9,45833;;;
2014-01-30;7,42105;;;
2014-01-31;6,70833;;;
2014-02-01;5,625;;;
2014-02-02;4,75;;;
2014-02-03;4;;;
2014-02-04;4,20833;;;
2014-02-05;6,41666;;;
2014-02-06;7,95454;;;
2014-02-07;8,29166;;;
2014-02-08;10,3333;;;
2014-02-09;7,58333;;;
2014-02-10;11,75;;;
2014-02-11;13,75;;;
2014-02-12;11,8333;;;
2014-02-13;11,4583;;;
2014-02-14;12,0417;;;
2014-02-15;11,4583;;;
2014-02-16;11,6667;;;
2014-02-17;15,5;;;
2014-02-18;11,7083;;;
2014-02-19;11,6667;;;
2014-02-20;10,5;;;
2014-02-21;9,45833;;;
2014-02-22;10,75;;;
2014-02-23;11,5417;;;
2014-02-24;12,9583;;;
2014-02-25;9,45833;;;
2014-02-26;12,6667;;;
2014-02-27;13,4583;;;
2014-02-28;10,25;;;
2014-03-01;11,5;;;
2014-03-02;11,5833;;;
2014-03-03;9,47826;;;
2014-03-04;10,5909;;;
2014-03-05;16,375;;;
2014-03-06;13,125;;;
2014-03-07;20,2917;;;
2014-03-09;5,90909;;;
2014-03-10;8,54166;;;
2014-03-11;8,70833;;;
2014-03-12;9,54166;;;
2014-03-13;12,4167;;;
2014-03-14;10,1304;;;
2014-03-15;10,5417;;;
2014-03-16;5,95833;;;
2014-03-17;10,375;;;
2014-03-18;12,5417;;;
2014-03-19;18,0417;;;
2014-03-20;33,7916;;;
2014-03-21;14,9091;;;
2014-03-22;30,4167;;;
2014-03-23;48,125;;;
2014-03-24;20,2083;;;
2014-03-25;34,9166;;;
2014-03-26;18,7143;;;
2014-03-27;20,5833;;;
2014-03-28;33,4583;;;
2014-03-29;19,4167;;;
2014-03-30;7,54166;;;
2014-03-31;16,625;;;
2014-04-01;13,6956;;;
2014-04-02;11,2917;;;
2014-04-03;19,4167;;;
2014-04-04;34,4583;;;
2014-04-05;49,4583;;;
2014-04-06;31,8333;;;
2014-04-07;28,6956;;;
2014-04-08;17,1667;;;
2014-04-09;20,5833;;;
2014-04-10;15,5833;;;
2014-04-11;38,75;;;
2014-04-12;28,7917;;;
2014-04-13;15,75;;;
2014-04-14;23,2083;;;
2014-04-15;36,1818;;;
2014-04-16;28,0833;;;
2014-04-17;26,0417;;;
2014-04-18;52,5416;;;
2014-04-19;42,5416;;;
2014-04-20;28,9583;;;
2014-04-21;26,875;;;
2014-04-22;45,75;;;
2014-04-23;53,8333;;;
2014-04-24;75,9583;;;
2014-04-25;48,625;;;
2014-04-26;35,7083;;;
2014-04-27;29,9167;;;
2014-04-28;54,5;;;
2014-04-29;79,9583;;;
2014-04-30;69,9545;;;
2014-05-01;24,7895;;;
2014-05-02;22,4167;;;
2014-05-03;13,4167;;;
2014-05-04;52,625;;;
2014-05-05;30,4091;;;
2014-05-06;55,1666;;;
2014-05-07;42,2916;;;
2014-05-08;24,5417;;;
2014-05-09;28,7083;;;
2014-05-10;24,125;;;
2014-05-11;29,625;;;
2014-05-12;26,5417;;;
2014-05-13;57,125;;;
2014-05-14;47,125;;;
2014-05-15;42,3333;;;
2014-05-16;20,5417;;;
2014-05-17;41,7916;;;
2014-05-18;59,875;;;
2014-05-19;48;;;
2014-05-20;28,8333;;;
2014-05-21;40,5416;;;
2014-05-22;66,7083;;;
2014-05-23;90,0833;;;
2014-05-24;77,2083;;;
2014-05-25;85,7916;;;
2014-05-26;66,7916;;;
2014-05-27;109,9;;;
2014-05-28;59,125;;;
2014-05-29;40,0833;;;
2014-05-30;56,625;;;
2014-05-31;49;;;
2014-06-01;53,0833;;;
2014-06-02;76,826;;;
2014-06-03;28;;;
2014-06-04;15,9167;;;
2014-06-05;63,5833;;;
2014-06-06;34,125;;;
2014-06-07;22,2917;;;
2014-06-08;23,125;;;
2014-06-09;49,5416;;;
2014-06-10;29,5833;;;
2014-06-11;28;;;
2014-06-12;31,0833;;;
2014-06-13;70,9583;;;
2014-06-14;84,375;;;
2014-06-15;43,7916;;;
2014-06-16;27,9167;;;
2014-06-17;47,875;;;
2014-06-18;93,4583;;;
2014-06-19;;;196,722;
2014-06-21;48,0833;;;
2014-06-22;51,4166;;;
2014-06-23;18,375;;;
2014-06-24;27,7917;;;
2014-06-25;44,6364;;;
2014-06-26;53,5416;;;
2014-06-27;106,708;;;
2014-06-28;115,75;;;
2014-06-29;54,4583;;;
2014-06-30;38,2916;;;
2014-07-01;51,6522;;;
2014-07-02;65;;;
2014-07-03;64,6666;;;
2014-07-04;29,125;;;
2014-07-05;65,375;;;
2014-07-06;53,25;;;
2014-07-07;77,9166;;;
2014-07-08;59,5;;;
2014-07-09;67,2916;;;
2014-07-10;89,4166;;;
2014-07-11;61,3333;;;
2014-07-12;55,25;;;
2014-07-13;73,5;;;
2014-07-14;33,8333;;;
2014-07-15;65,7083;;;
2014-07-16;60,5833;;;
2014-07-17;33,7083;;;
2014-07-18;33,375;;;
2014-07-19;65,6666;;;
2014-07-20;58,5;;;
2014-07-21;45,375;;;
2014-07-22;52,3333;;;
2014-07-23;71,875;;;
2014-07-24;100;;;
2014-07-25;50,4166;;;
2014-07-26;64,4583;;;
2014-07-27;60,7083;;;
2014-07-28;66,4583;;;
2014-07-29;53,1666;;;
2014-07-30;75,125;;;
2014-07-31;36,8333;;;
2014-08-01;28,9545;;;
2014-08-02;18,0417;;;
2014-08-03;64;;;
2014-08-04;97,3478;;;
2014-08-05;37,2778;;;
2014-08-06;16,2083;;;
2014-08-07;19,4583;;;
2014-08-08;46,875;;;
2014-08-09;68,7916;;;
2014-08-10;51,2083;;;
2014-08-11;21,375;;;
2014-08-12;17,7917;;;
2014-08-13;66,7083;;;
2014-08-14;55,6666;;;
2014-08-15;45,625;;;
2014-08-16;84,4166;;;
2014-08-17;59,3478;;;
2014-08-18;37,6;;;
2014-08-19;26,0833;;;
2014-08-20;34,4583;;;
2014-08-21;40,0416;;;
2014-08-22;30,5833;;;
2014-08-23;17,6667;;;
2014-08-24;28,375;;;
2014-08-25;41,125;;;
2014-08-26;23,1667;;;
2014-08-27;57,375;;;
2014-08-28;42,2916;;;
2014-08-29;35,625;;;
2014-08-30;21,5833;;;
2014-08-31;30,75;;;
2014-09-01;15,625;;;
2014-09-02;30,6667;;;
2014-09-03;29,5;;;
2014-09-04;25,5;;;
2014-09-05;11,3333;;;
2014-09-06;12,2083;;;
2014-09-07;28,5833;;;
2014-09-08;13,9583;;;
2014-09-09;13,625;;;
2014-09-10;19,4167;;;
2014-09-11;27,7083;;;
2014-09-12;25,6667;;;
2014-09-13;28,2083;;;
2014-09-14;19,3333;;;
2014-09-15;22,6364;;;
2014-09-16;22,3333;;;
2014-09-17;22,1667;;;
2014-09-18;20,2917;;;
2014-09-19;19,125;;;
2014-09-20;15,0833;;;
2014-09-21;11,5;;;
2014-09-22;20,0435;;;
2014-09-23;19,4167;;;
2014-09-24;20,9583;;;
2014-09-25;14,25;;;
2014-09-26;15,2917;;;
2014-09-27;20,2083;;;
2014-09-28;10,2083;;;
2014-09-29;13,0833;;;
2014-09-30;13,4583;;;
2014-10-01;15,9583;;;
2014-10-02;13,875;;;
2014-10-03;15;;;
2014-10-04;17,3333;;;
2014-10-05;20,7083;;;
2014-10-06;22,8261;;;
2014-10-07;18,2917;;;
2014-10-08;12,4167;;;
2014-10-09;7,79166;;;
2014-10-10;12,0833;;;
2014-10-11;16,5417;;;
2014-10-12;13,625;;;
2014-10-13;14,75;;;
2014-10-14;16,8333;;;
2014-10-15;13,6667;;;
2014-10-16;12,6667;;;
2014-10-17;11,5833;;;
2014-10-18;7,75;;;
2014-10-19;10,375;;;
2014-10-20;10,7826;;;
2014-10-21;10,625;;;
2014-10-22;11,75;;;
2014-10-23;10,4167;;;
2014-10-24;15,25;;;
2014-10-25;16;;;
2014-10-26;12,25;;;
2014-10-27;7,83333;;;
2014-10-28;8,79166;;;
2014-10-29;7,20833;;;
2014-10-30;8,91666;;;
2014-10-31;8,34122;;;
2014-11-01;9,23476;;;
2014-11-02;7,68368;;;
2014-11-03;10,8932;;;
2014-11-04;10,975;;;
2014-11-05;;;10,3961;
2014-11-08;12,1338;;;
2014-11-09;9,70427;;;
2014-11-10;;;14,6926;
2014-11-11;8,88327;;;
2014-11-12;10,0633;;;
2014-11-13;11,4049;;;
2014-11-14;12,1212;;;
2014-11-15;12,249;;;
2014-11-16;9,42972;;;
2014-11-17;9,69878;;;
2014-11-18;8,87325;;;
2014-11-19;8,35927;;;
2014-11-20;8,63831;;;
2014-11-21;12,5863;;;
2014-11-22;10,3056;;;
2014-11-23;6,07676;;;
2014-11-24;7,41083;;;
2014-11-25;11,6217;;;
2014-11-26;12,5607;;;
2014-11-27;12,0727;;;
2014-11-28;13,0538;;;
2014-11-29;7,07159;;;
2014-11-30;9,11186;;;
2014-12-01;8,93298;;;
2014-12-02;11,9354;;;
2014-12-03;13,4307;;;
2014-12-04;13,486;;;
2014-12-06;;;8,15419;
2014-12-07;8,01967;;;
2014-12-10;10,209;;;
2014-12-11;14,6765;;;
2014-12-12;13,6958;;;
2014-12-13;12,5474;;;
2014-12-14;11,1883;;;
2014-12-15;8,36653;;;
2014-12-16;9,46756;;;
2014-12-17;10,5992;;;
2014-12-18;10,4946;;;
2014-12-19;9,17793;;;
2014-12-20;6,84488;;;
2014-12-21;6,84404;;;
2014-12-22;8,06792;;;
2014-12-23;10,332;;;
2014-12-24;13,4997;;;
2014-12-25;9,34053;;;
2014-12-26;9,27995;;;
2014-12-27;10,2951;;;
2014-12-28;9,72868;;;
2014-12-29;8,85388;;;
2014-12-30;10,3927;;;
2014-12-31;11,213;;;
2015-01-01;7,33333;;;
2015-01-02;9,625;;;
2015-01-03;10,875;;;
2015-01-05;8,1111;;;
2015-01-06;10,875;;;
2015-01-07;13,375;;;
2015-01-08;;;26,0867;
2015-01-10;12,5417;;;
2015-01-11;12,7917;;;
2015-01-12;31,7917;;;
2015-01-13;18,875;;;
2015-01-14;8,77777;;;
2015-01-15;;14,1667;;
2015-01-16;;22,4444;;
2015-01-17;11,1111;;;
2015-01-18;11,5833;;;
2015-01-19;9;;;
2015-01-20;8,875;;;
2015-01-21;10,75;;;
2015-01-22;12,2917;;;
2015-01-23;12,2083;;;
2015-01-24;8,5;;;
2015-01-25;9,125;;;
2015-01-26;;8,16666;;
2015-01-27;8,70833;;;
2015-01-28;9,63158;;;
2015-01-29;12;;;
2015-01-30;11,4211;;;
2015-01-31;;;23,4725;
2015-02-01;13,9474;;;
2015-02-02;15,8947;;;
2015-02-03;;9,80951;;
2015-02-04;;9,8421;;
2015-02-05;;10,2105;;
2015-02-06;8,73683;;;
2015-02-07;9,59999;;;
2015-02-08;24,05;;;
2015-02-09;;;24,4477;
2015-02-10;9,30434;;;
2015-02-11;;11,7619;;
2015-02-12;12,6667;;;
2015-02-13;20,3684;;;
2015-02-14;14,4211;;;
2015-02-15;28,6364;;;
2015-02-16;16,55;;;
2015-02-17;18,3333;;;
2015-02-18;22,625;;;
2015-02-19;59,4583;;;
2015-02-20;26,9167;;;
2015-02-21;13,2381;;;
2015-02-22;12,5238;;;
2015-02-23;;10,1579;;
2015-02-24;8,34782;;;
2015-02-25;10,1364;;;
2015-02-26;11,0555;;;
2015-02-28;11,7083;;;
2015-03-01;10,5417;;;
2015-03-02;12,2917;;;
2015-03-03;10,7391;;;
2015-03-04;12;;;
2015-03-05;15,5;;;
2015-03-06;10,6842;;;
2015-03-07;10,4167;;;
2015-03-08;9;;;
2015-03-09;12,7895;;;
2015-03-10;22,5;;;
2015-03-11;36;;;
2015-03-12;35,238;;;
2015-03-13;16,6667;;;
2015-03-14;24,1667;;;
2015-03-15;21,9583;;;
2015-03-16;17,7083;;;
2015-03-17;13,5833;;;
2015-03-18;17,125;;;
2015-03-19;13,8333;;;
2015-03-20;14,2083;;;
2015-03-21;13,1667;;;
2015-03-22;9,79166;;;
2015-03-23;12,3913;;;
2015-03-24;15,1667;;;
2015-03-25;16,4167;;;
2015-03-26;14,85;;;
2015-03-30;;;4;
2015-03-31;;;16,6562;
2015-04-01;;;21,3306;
2015-04-02;18,7917;;;
2015-04-03;8,875;;;
2015-04-04;11,875;;;
2015-04-05;15,8333;;;
2015-04-06;12,5;;;
2015-04-07;11;;;
2015-04-08;17,3333;;;
2015-04-09;18,5833;;;
2015-04-10;23,875;;;
2015-04-11;43,1666;;;
2015-04-12;45,8333;;;
2015-04-13;28,1667;;;
2015-04-14;21,4167;;;
2015-04-15;18,2917;;;
2015-04-16;16,5217;;;
2015-04-17;21,75;;;
2015-04-18;31,375;;;
2015-04-19;19,9583;;;
2015-04-20;21,7619;;;
2015-04-21;20,6667;;;
2015-04-22;33,625;;;
2015-04-23;51,5;;;
2015-04-24;94,2083;;;
2015-04-25;87,1666;;;
2015-04-26;64,0416;;;
2015-04-27;64,2173;;;
2015-04-28;62,3478;;;
2015-04-29;;;69,1888;
2015-04-30;50,125;;;
2015-05-01;73;;;
2015-05-02;11,125;;;
2015-05-03;20,7917;;;
2015-05-04;50,2916;;;
2015-05-05;42,3333;;;
2015-05-06;67,6666;;;
2015-05-07;76,2916;;;
2015-05-08;46,4583;;;
2015-05-09;26,1667;;;
2015-05-10;28,0833;;;
2015-05-11;46,2916;;;
2015-05-12;52,875;;;
2015-05-13;40;;;
2015-05-14;53,4166;;;
2015-05-15;64,375;;;
2015-05-16;84,9004;;;
2015-05-17;45,7761;;;
2015-05-18;44,221;;;
2015-05-19;49,5674;;;
2015-05-20;23,3593;;;
2015-05-21;14,931;;;
2015-05-22;22,0993;;;
2015-05-23;35,5692;;;
2015-05-24;12,6157;;;
2015-05-25;85,397;;;
2015-05-26;67,2758;;;
2015-05-27;66,1154;;;
2015-05-28;134,868;;;
2015-05-29;;;90,6205;
2015-05-30;40,4979;;;
2015-05-31;59,2221;;;
2015-06-01;64,5077;;;
2015-06-02;79,4023;;;
2015-06-03;26,9096;;;
2015-06-04;70,4325;;;
2015-06-05;32,5677;;;
2015-06-06;21,9411;;;
2015-06-07;38,8498;;;
2015-06-08;42,021;;;
2015-06-09;17,8573;;;
2015-06-10;31,6943;;;
2015-06-11;35,0381;;;
2015-06-12;17,2907;;;
2015-06-13;49,364;;;
2015-06-14;30,2976;;;
2015-06-15;16,9044;;;
2015-06-16;42,5421;;;
2015-06-17;53,0578;;;
2015-06-18;38,1209;;;
2015-06-19;61,0569;;;
2015-06-20;55,7562;;;
2015-06-21;34,1887;;;
2015-06-22;42,5942;;;
2015-06-23;66,1582;;;
2015-06-24;43,0158;;;
2015-06-25;54,7106;;;
2015-06-26;60,6707;;;
2015-06-27;52,7844;;;
2015-06-28;26,6221;;;
2015-06-29;30,4388;;;
2015-06-30;39,3692;;;
2015-07-01;28,8677;;;
2015-07-02;51,4436;;;
2015-07-03;57,3331;;;
2015-07-04;68,0544;;;
2015-07-05;30,9512;;;
2015-07-06;44,3377;;;
2015-07-07;70,035;;;
2015-07-08;54,3957;;;
2015-07-09;19,2668;;;
2015-07-10;33,4621;;;
2015-07-11;26,7415;;;
2015-07-12;18,8398;;;
2015-07-13;26,4298;;;
2015-07-14;46,4534;;;
2015-07-15;68,5295;;;
2015-07-16;40,2086;;;
2015-07-17;63,287;;;
2015-07-18;42,6911;;;
2015-07-19;14,7374;;;
2015-07-20;19,2115;;;
2015-07-21;47,8146;;;
2015-07-22;73,5979;;;
2015-07-23;50,9818;;;
2015-07-24;61,0674;;;
2015-07-25;57,8947;;;
2015-07-26;24,6978;;;
2015-07-27;16,0397;;;
2015-07-28;44,8947;;;
2015-07-29;49,4211;;;
2015-07-30;42,3705;;;
2015-07-31;51,8388;;;
2015-08-01;21,502;;;
2015-08-02;23,3889;;;
2015-08-03;28,4454;;;
2015-08-04;44,0528;;;
2015-08-05;20,7156;;;
2015-08-06;10,6254;;;
2015-08-07;27,2142;;;
2015-08-08;6,5071;;;
2015-08-09;12,2737;;;
2015-08-10;18,8598;;;
2015-08-11;34,2444;;;
2015-08-12;50,6327;;;
2015-08-13;59,2609;;;
2015-08-14;58,2989;;;
2015-08-15;29,3252;;;
2015-08-16;25,4105;;;
2015-08-17;40,1848;;;
2015-08-18;25,2687;;;
2015-08-19;22,9;;;
2015-08-20;32,0253;;;
2015-08-21;14,9128;;;
2015-08-22;16,0102;;;
2015-08-23;21,4488;;;
2015-08-24;43,3898;;;
2015-08-25;12,2795;;;
2015-08-26;14,051;;;
2015-08-27;47,5188;;;
2015-08-28;32,1916;;;
2015-08-29;11,9694;;;
2015-08-30;13,1384;;;
2015-08-31;14,1409;;;
2015-09-01;14,6771;;;
2015-09-02;19,3534;;;
2015-09-03;22,0013;;;
2015-09-04;31,267;;;
2015-09-05;32,3434;;;
2015-09-06;9,89368;;;
2015-09-07;14,5677;;;
2015-09-08;14,8236;;;
2015-09-09;16,5619;;;
2015-09-10;14,6582;;;
2015-09-11;18,9399;;;
2015-09-12;18,9247;;;
2015-09-13;20,8451;;;
2015-09-14;34,2463;;;
2015-09-15;20,0104;;;
2015-09-16;20,6822;;;
2015-09-17;11,8378;;;
2015-09-18;20,0973;;;
2015-09-19;18,0895;;;
2015-09-20;32,868;;;
2015-09-21;16,2904;;;
2015-09-22;17,3549;;;
2015-09-23;12,3378;;;
2015-09-24;12,2859;;;
2015-09-25;34,7733;;;
2015-09-26;21,3586;;;
2015-09-27;27,9785;;;
2015-09-28;11,8204;;;
2015-09-29;12,3011;;;
2015-09-30;19,2952;;;
2015-10-01;9,17288;;;
2015-10-02;10,1983;;;
2015-10-03;14,5884;;;
2015-10-04;7,99909;;;
2015-10-05;10,0136;;;
2015-10-06;9,20645;;;
2015-10-07;9,24252;;;
2015-10-08;11,1978;;;
2015-10-09;15,4325;;;
2015-10-10;19,1315;;;
2015-10-11;14,2383;;;
2015-10-12;16,0144;;;
2015-10-13;15,4193;;;
2015-10-14;10,1131;;;
2015-10-15;7,20876;;;
2015-10-16;15,6779;;;
2015-10-17;22,1501;;;
2015-10-18;17,8942;;;
2015-10-19;17,0662;;;
2015-10-20;14,3023;;;
2015-10-21;12,2966;;;
2015-10-22;11,9435;;;
2015-10-23;11,3136;;;
2015-10-24;8,47902;;;
2015-10-25;4,23808;;;
2015-10-26;8,93147;;;
2015-10-27;9,69945;;;
2015-10-28;14,4555;;;
2015-10-29;9,62813;;;
2015-10-30;11,6251;;;
2015-10-31;10,1042;;;
2015-11-01;13,2473;;;
2015-11-02;14,6238;;;
2015-11-03;14,7192;;;
2015-11-04;13,9908;;;
2015-11-05;12,7267;;;
2015-11-06;10,8043;;;
2015-11-07;8,00351;;;
2015-11-08;6,69527;;;
2015-11-09;5,23844;;;
2015-11-10;8,10597;;;
2015-11-11;6,76997;;;
2015-11-14;10,948;;;
2015-11-15;11,3215;;;
2015-11-16;5,47453;;;
2015-11-17;7,05414;;;
2015-11-18;8,00124;;;
2015-11-19;5,08028;;;
2015-11-22;3,36965;;;
2015-11-23;2,47627;;;
2015-11-24;1,35741;;;
2015-11-25;2,02841;;;
2015-11-26;1,24121;;;
2015-11-27;1,08669;;;
2015-11-28;3,36995;;;
2015-11-29;2,86591;;;
2015-11-30;4,3589;;;
2015-12-01;5,26378;;;
2015-12-02;1,06367;;;
2015-12-03;2,54243;;;
2015-12-04;2,6335;;;
2015-12-05;4,86466;;;
2015-12-06;2,01583;;;
2015-12-07;;;5,6284;
2015-12-08;;;1;
2015-12-09;;;1;
2015-12-12;7,12949;;;
2015-12-13;3,64108;;;
2015-12-14;4,61099;;;
2015-12-15;5,07974;;;
2015-12-16;7,11082;;;
2015-12-17;5,05841;;;
2015-12-18;5,41545;;;
2015-12-19;7,73595;;;
2015-12-20;6,45387;;;
2015-12-21;3,10239;;;
2015-12-22;3,92258;;;
2015-12-23;6,82999;;;
2015-12-24;8,64053;;;
2015-12-25;8,41275;;;
2016-01-08;;;15,0392;
2016-01-09;;;14,3933;
2016-01-10;;;14,9204;
2016-01-11;;;14,0583;
2016-01-12;7,32582;;;
2016-01-13;8,71086;;;
2016-01-14;10,3245;;;
2016-01-15;10,9933;;;
2016-01-16;11,4613;;;
2016-01-17;10,2085;;;
2016-01-18;11,2169;;;
2016-01-19;12,8251;;;
2016-01-20;13,6208;;;
2016-01-21;12,7496;;;
2016-01-22;17,252;;;
2016-01-23;11,9884;;;
2016-01-24;5,77207;;;
2016-01-25;9,64059;;;
2016-01-26;8,77736;;;
2016-01-27;8,3692;;;
2016-01-28;7,10341;;;
2016-01-29;10,1974;;;
2016-01-30;11,0643;;;
2016-01-31;11,0962;;;
2016-02-01;15,2595;;;
2016-02-02;13,1116;;;
2016-02-03;13,6958;;;
2016-02-04;12,3578;;;
2016-02-05;10,3341;;;
2016-02-06;12,1091;;;
2016-02-07;9,76585;;;
2016-02-08;13,9904;;;
2016-02-09;11,6214;;;
2016-02-10;9,50555;;;
2016-02-11;11,51;;;
2016-02-12;11,2973;;;
2016-02-13;7,72145;;;
2016-02-14;7,27466;;;
2016-02-15;8,30148;;;
2016-02-16;8,53365;;;
2016-02-17;10,9764;;;
2016-02-18;8,25331;;;
2016-02-19;11,7434;;;
2016-02-20;12,0373;;;
2016-02-21;11,5974;;;
2016-02-22;12,4587;;;
2016-02-23;11,5999;;;
2016-02-24;11,6375;;;
2016-02-25;15,7133;;;
2016-02-26;11,4999;;;
2016-02-27;14,5772;;;
2016-02-28;11,3311;;;
2016-02-29;13,3467;;;
2016-03-01;15,3071;;;
2016-03-02;19,3721;;;
2016-03-03;23,9645;;;
2016-03-04;23,3112;;;
2016-03-05;20,722;;;
2016-03-06;12,6822;;;
2016-03-07;11,4064;;;
2016-03-08;24,8975;;;
2016-03-09;17,4252;;;
2016-03-10;18,7737;;;
2016-03-11;23,6325;;;
2016-03-12;17,0345;;;
2016-03-13;19,2121;;;
2016-03-14;17,7766;;;
2016-03-15;18,8455;;;
2016-03-16;18,9637;;;
2016-03-17;16,1122;;;
2016-03-18;11,369;;;
2016-03-19;20,5112;;;
2016-03-20;22,7883;;;
2016-03-21;23,4225;;;
2016-03-22;50,4474;;;
2016-03-23;48,8812;;;
2016-03-24;52,6656;;;
2016-03-25;30,6887;;;
2016-03-26;23,0575;;;
2016-03-27;24,1996;;;
2016-03-28;22,8091;;;
2016-03-29;17,2817;;;
2016-03-30;14,2334;;;
2016-03-31;13,3048;;;
2016-04-01;16,5188;;;
2016-04-02;19,625;;;
2016-04-03;17,1195;;;
2016-04-04;16,9661;;;
2016-04-05;33,6554;;;
2016-04-06;24,5329;;;
2016-04-07;15,7782;;;
2016-04-08;14,2259;;;
2016-04-09;19,8533;;;
2016-04-10;29,0699;;;
2016-04-11;30,6816;;;
2016-04-12;25,3958;;;
2016-04-13;31,6537;;;
2016-04-14;18,0358;;;
2016-04-15;12,2636;;;
2016-04-16;11,2447;;;
2016-04-17;20,2802;;;
2016-04-18;14,8854;;;
2016-04-19;21,9814;;;
2016-04-20;32,247;;;
2016-04-21;19,7391;;;
2016-04-22;24,5625;;;
2016-04-23;16,0518;;;
2016-04-24;14,1951;;;
2016-04-25;25,8767;;;
2016-04-26;42,1295;;;
2016-04-27;61,777;;;
2016-04-28;51,0537;;;
2016-04-29;49,7345;;;
2016-04-30;60,5428;;;
2016-05-01;57,4395;;;
2016-05-02;46,6967;;;
2016-05-03;27,8958;;;
2016-05-04;51,6761;;;
2016-05-05;33,707;;;
2016-05-06;60,682;;;
2016-05-07;55,8275;;;
2016-05-08;19,2671;;;
2016-05-09;41,2029;;;
2016-05-10;37,2556;;;
2016-05-11;45,167;;;
2016-05-12;54,5519;;;
2016-05-13;74,6299;;;
2016-05-14;48,3229;;;
2016-05-15;38,0242;;;
2016-05-16;56,2409;;;
2016-05-17;62,5145;;;
2016-05-18;56,8541;;;
2016-05-19;21,9529;;;
2016-05-20;27,4929;;;
2016-05-21;47,2357;;;
2016-05-22;47,8925;;;
2016-05-23;63,4024;;;
2016-05-24;75,6195;;;
2016-05-25;61,7567;;;
2016-05-26;32,8433;;;
2016-05-27;60,9803;;;
2016-05-28;64,1366;;;
2016-05-30;35,3752;;;
2016-05-31;49,1198;;;
2016-06-01;55,3864;;;
2016-06-02;99,1346;;;
2016-06-03;52,2936;;;
2016-06-04;32,9866;;;
2016-06-05;24,36;;;
2016-06-06;48,2908;;;
2016-06-07;96,0795;;;
2016-06-08;58,0141;;;
2016-06-09;89,5674;;;
2016-06-10;70,4702;;;
2016-06-11;79,1307;;;
2016-06-12;82,1874;;;
2016-06-13;56,4349;;;
2016-06-14;31,635;;;
2016-06-15;60,2655;;;
2016-06-16;91,9312;;;
2016-06-17;52,152;;;
2016-06-18;51,9583;;;
2016-06-19;58,5249;;;
2016-06-20;41,1216;;;
2016-06-21;32,1224;;;
2016-06-22;36,5225;;;
2016-06-23;38,1599;;;
2016-06-24;39,2949;;;
2016-06-25;120,172;;;
2016-06-26;113,82;;;
2016-06-27;112,407;;;
2016-06-28;98,7521;;;
2016-06-29;44,9075;;;
2016-06-30;31,0962;;;
2016-07-01;27,8233;;;
2016-07-02;60,3779;;;
2016-07-03;71,1613;;;
2016-07-04;66,0356;;;
2016-07-05;76,8203;;;
2016-07-06;32,1;;;
2016-07-07;70,3512;;;
2016-07-08;81,9125;;;
2016-07-09;99,1925;;;
2016-07-10;46,035;;;
2016-07-11;42,8067;;;
2016-07-12;122,433;;;
2016-07-13;9,11591;;;
2016-07-14;17,3645;;;
2016-07-15;56,2253;;;
2016-07-16;134,195;;;
2016-07-17;63,0783;;;
2016-07-18;45,3105;;;
2016-07-19;39,7362;;;
2016-07-20;41,0087;;;
2016-07-21;56,9675;;;
2016-07-22;100,143;;;
2016-07-23;60,9375;;;
2016-07-24;29,5425;;;
2016-07-25;28,1893;;;
2016-07-26;31,1383;;;
2016-07-27;69,3167;;;
2016-07-28;98,9917;;;
2016-07-29;87,0654;;;
2016-07-30;55,6287;;;
2016-07-31;85,0629;;;
2016-08-01;74,5696;;;
2016-08-02;47,4508;;;
2016-08-03;61,7226;;;
2016-08-04;52,6118;;;
2016-08-05;26,9704;;;
2016-08-06;29,8835;;;
2016-08-07;24,3358;;;
2016-08-08;18,8855;;;
2016-08-09;47,3154;;;
2016-08-10;67,4467;;;
2016-08-11;39,5648;;;
2016-08-12;58,2179;;;
2016-08-13;22,4133;;;
2016-08-14;38,7042;;;
2016-08-15;34,1579;;;
2016-08-16;23,6259;;;
2016-08-17;26,489;;;
2016-08-18;27,7705;;;
2016-08-19;25,6833;;;
2016-08-20;27,218;;;
2016-08-21;12,998;;;
2016-08-22;22,3413;;;
2016-08-23;25,8362;;;
2016-08-24;44,4783;;;
2016-08-25;28,7055;;;
2016-08-26;20,0502;;;
2016-08-27;21,7232;;;
2016-08-28;31,9608;;;
2016-08-29;50,7637;;;
2016-08-30;38,5975;;;
2016-08-31;12,817;;;
2016-09-01;24,3466;;;
2016-09-02;36,5118;;;
2016-09-03;66,1857;;;
2016-09-04;33,8198;;;
2016-09-05;40,6408;;;
2016-09-06;37,6233;;;
2016-09-07;41,0117;;;
2016-09-08;53,5162;;;
2016-09-09;19,0954;;;
2016-09-10;18,2925;;;
2016-09-11;15,513;;;
2016-09-12;17,8387;;;
2016-09-13;11,7108;;;
2016-09-14;18,1244;;;
2016-09-15;27,7549;;;
2016-09-16;40,8658;;;
2016-09-17;17,3204;;;
2016-09-18;29,01;;;
2016-09-19;21,0467;;;
2016-09-20;17,015;;;
2016-09-21;17,7533;;;
2016-09-22;16,9088;;;
2016-09-23;16,7047;;;
2016-09-24;18,355;;;
2016-09-25;13,0669;;;
2016-09-26;26,5392;;;
2016-09-27;22,48;;;
2016-09-28;15,8104;;;
2016-09-29;10,3163;;;
2016-09-30;12,6008;;;
2016-10-01;12,5975;;;
2016-10-02;13,8673;;;
2016-10-03;11,0643;;;
2016-10-04;7,79858;;;
2016-10-05;10,5762;;;
2016-10-06;12,1442;;;
2016-10-07;11,9903;;;
2016-10-08;13,7885;;;
2016-10-09;11,9342;;;
2016-10-10;10,8158;;;
2016-10-11;9,17896;;;
2016-10-12;17,4417;;;
2016-10-13;13,0876;;;
2016-10-14;15,83;;;
2016-10-15;9,66583;;;
2016-10-16;5,99179;;;
2016-10-17;7,78544;;;
2016-10-18;7,16971;;;
2016-10-19;14,5032;;;
2016-10-20;17,4842;;;
2016-10-21;7,71167;;;
2016-10-22;11,9395;;;
2016-10-23;7,42421;;;
2016-10-24;5,17779;;;
2016-10-25;9,90945;;;
2016-10-26;12,8983;;;
2016-10-27;9,10696;;;
2016-10-28;12,6842;;;
2016-10-29;14,7997;;;
2016-10-30;8,28679;;;
2016-10-31;5,81971;;;
2016-11-01;3,86333;;;
2016-11-02;6,96529;;;
2016-11-03;6,24379;;;
2016-11-04;9,65483;;;
2016-11-05;8,24641;;;
2016-11-06;7,17604;;;
2016-11-07;14,1693;;;
2016-11-08;8,91309;;;
2016-11-09;7,46521;;;
2016-11-10;6,97517;;;
2016-11-11;9,08299;;;
2016-11-12;13,7196;;;
2016-11-13;8,66983;;;
2016-11-14;7,05442;;;
2016-11-15;5,71629;;;
2016-11-16;8,10834;;;
2016-11-17;10,3046;;;
2016-11-18;14,9139;;;
2016-11-19;16,0267;;;
2016-11-20;9,3132;;;
2016-11-21;8,13184;;;
2016-11-22;7,86279;;;
2016-11-23;8,80391;;;
2016-11-24;9,10266;;;
2016-11-25;6,75462;;;
2016-11-26;4,45734;;;
2016-11-27;5,39425;;;
2016-11-28;9,41376;;;
2016-11-29;12,6482;;;
2016-11-30;20,8971;;;
2016-12-01;17,4721;;;
2016-12-02;12,1303;;;
2016-12-03;12,0254;;;
2016-12-04;6,77071;;;
2016-12-05;4,92135;;;
2016-12-06;8,314;;;
2016-12-07;7,28325;;;
2016-12-08;11,714;;;
2016-12-09;9,364;;;
2016-12-10;8,19708;;;
2016-12-11;5,48608;;;
2016-12-12;6,01138;;;
2016-12-13;8,45354;;;
2016-12-14;12,5063;;;
2016-12-15;37,0096;;;
2016-12-16;28,0555;;;
2016-12-17;15,9507;;;
2016-12-18;9,14626;;;
2016-12-19;8,55925;;;
2016-12-20;6,78125;;;
2016-12-21;6,38342;;;
2016-12-22;7,41258;;;
2016-12-23;6,74017;;;
2016-12-24;7,33109;;;
2016-12-25;5,56358;;;
2016-12-26;3,87667;;;
2016-12-27;8,267;;;
2016-12-28;10,2222;;;
2016-12-29;10,5334;;;
2016-12-30;11,0734;;;
2016-12-31;10,9693;;;
2017-01-01;7,2325;;;
2017-01-02;7,29437;;;
2017-01-03;5,73861;;;
2017-01-04;8,02824;;;
2017-01-05;7,86655;;;
2017-01-06;10,0887;;;
2017-01-07;7,41575;;;
2017-01-08;5,02233;;;
2017-01-09;4,63521;;;
2017-01-10;6,52534;;;
2017-01-11;9,4232;;;
2017-01-12;10,9643;;;
2017-01-13;8,56396;;;
2017-01-14;7,96738;;;
2017-01-15;11,9573;;;
2017-01-16;13,0826;;;
2017-01-17;;;8,13574;
2017-01-18;;;1,95583;
2017-01-19;;;2,59375;
2017-01-20;;;5,083;
2017-01-21;13,8041;;;
2017-01-22;72,0148;;;
2017-01-23;79,3209;;;
2017-01-24;18,6716;;;
2017-01-25;13,5163;;;
2017-01-26;50,3221;;;
2017-01-27;74,2029;;;
2017-01-28;142,35;;;
2017-01-29;99,5905;;;
2017-01-30;28,5508;;;
2017-01-31;25,5267;;;
2017-02-01;33,6779;;;
2017-02-02;19,0512;;;
2017-02-03;10,8424;;;
2017-02-04;10,7239;;;
2017-02-05;10,2098;;;
2017-02-06;10,9327;;;
2017-02-07;13,5133;;;
2017-02-08;11,5426;;;
2017-02-09;10,9727;;;
2017-02-10;13,2233;;;
2017-02-11;13,9502;;;
2017-02-12;11,9553;;;
2017-02-13;14,049;;;
2017-02-14;16,4446;;;
2017-02-15;16,3717;;;
2017-02-16;11,1261;;;
2017-02-17;9,56445;;;
2017-02-18;10,4034;;;
2017-02-19;7,73908;;;
2017-02-20;10,243;;;
2017-02-21;9,49908;;;
2017-02-22;18,6362;;;
2017-02-23;11,8949;;;
2017-02-24;18,5388;;;
2017-02-25;12,7637;;;
2017-02-26;9,66078;;;
2017-02-27;9,74962;;;
2017-02-28;10,0318;;;
2017-03-01;10,33;;;
2017-03-02;12,2701;;;
2017-03-03;9,51962;;;
2017-03-04;12,0567;;;
2017-03-05;9,82567;;;
2017-03-06;10,4757;;;
2017-03-07;16,1574;;;
2017-03-08;18,1729;;;
2017-03-09;13,9538;;;
2017-03-10;9,98691;;;
2017-03-11;9,82358;;;
2017-03-12;10,3244;;;
2017-03-13;13,0429;;;
2017-03-14;14,1378;;;
2017-03-15;12,2844;;;
2017-03-16;34,6683;;;
2017-03-17;19,2839;;;
2017-03-18;17,8842;;;
2017-03-19;33,4604;;;
2017-03-20;14,6147;;;
2017-03-21;15,5396;;;
2017-03-22;17,574;;;
2017-03-23;10,604;;;
2017-03-24;7,62434;;;
2017-03-25;8,27704;;;
2017-03-26;6,69371;;;
2017-03-27;9,72412;;;
2017-03-28;10,4909;;;
2017-03-29;9,50096;;;
2017-03-30;10,4335;;;
2017-03-31;11,7696;;;
2017-04-01;13,1554;;;
2017-04-02;8,52658;;;
2017-04-03;9,21922;;;
2017-04-04;10,9813;;;
2017-04-05;14,9848;;;
2017-04-06;15,164;;;
2017-04-07;4,22475;;;
2017-04-08;8,98108;;;
2017-04-09;12,0712;;;
2017-04-10;17,0535;;;
2017-04-11;13,863;;;
2017-04-12;15,0587;;;
2017-04-13;15,2767;;;
2017-04-14;16,9754;;;
2017-04-15;15,5496;;;
2017-04-16;24,4242;;;
2017-04-17;24,899;;;
2017-04-18;14,3242;;;
2017-04-19;17,6769;;;
2017-04-20;7,84771;;;
2017-04-21;10,3643;;;
2017-04-22;10,8312;;;
2017-04-23;22,3979;;;
2017-04-24;33,26;;;
2017-04-25;18,5331;;;
2017-04-26;13,672;;;
2017-04-27;30,9739;;;
2017-04-28;20,8442;;;
2017-04-29;46,4487;;;
2017-04-30;45,7729;;;
2017-05-01;29;;;
2017-05-02;21;;;
2017-05-03;31;;;
2017-05-04;46;;;
2017-05-05;37;;;
2017-05-06;28;;;
2017-05-07;11;;;
2017-05-08;11;;;
2017-05-09;31;;;
2017-05-10;30;;;
2017-05-11;10;;;
2017-05-12;26;;;
2017-05-13;12;;;
2017-05-14;8;;;
2017-05-15;19;;;
2017-05-16;46;;;
2017-05-17;25;;;
2017-05-18;29;;;
2017-05-19;59;;;
2017-05-20;36;;;
2017-05-21;57;;;
2017-05-22;25;;;
2017-05-23;48;;;
2017-05-24;39;;;
2017-05-25;44;;;
2017-05-26;48;;;
2017-05-27;110;;;
2017-05-28;76;;;
2017-05-29;61;;;
2017-05-30;101;;;
2017-05-31;76;;;
2017-06-01;80;;;
2017-06-02;54;;;
2017-06-03;59;;;
2017-06-04;48;;;
2017-06-05;50;;;
2017-06-06;74;;;
2017-06-07;69;;;
2017-06-08;37;;;
2017-06-09;70;;;
2017-06-10;50;;;
2017-06-11;26;;;
2017-06-12;42;;;
2017-06-13;77;;;
2017-06-14;61;;;
2017-06-15;25;;;
2017-06-16;9;;;
2017-06-17;15;;;
2017-06-18;23;;;
2017-06-19;38;;;
2017-06-20;84;;;
2017-06-21;27;;;
2017-06-22;19;;;
2017-06-23;30;;;
2017-06-24;43;;;
2017-06-25;18;;;
2017-06-26;43;;;
2017-06-27;37;;;
2017-06-28;16;;;
2017-06-29;48;;;
2017-06-30;65;;;
2017-07-01;70;;;
2017-07-02;49;;;
2017-07-03;37;;;
2017-07-04;42;;;
2017-07-05;60;;;
2017-07-06;80;;;
2017-07-07;42;;;
2017-07-08;91;;;
2017-07-09;84;;;
2017-07-10;40;;;
2017-07-11;90;;;
2017-07-12;35;;;
2017-07-13;27;;;
2017-07-14;43;;;
2017-07-15;40;;;
2017-07-16;23;;;
2017-07-17;69;;;
2017-07-18;91;;;
2017-07-19;73;;;
2017-07-20;57;;;
2017-07-21;41;;;
2017-07-22;43;;;
2017-07-23;30;;;
2017-07-24;42;;;
2017-07-25;37;;;
2017-07-26;60;;;
2017-07-27;83;;;
2017-07-28;67;;;
2017-07-29;26;;;
2017-07-30;110;;;
2017-07-31;73;;;
2017-08-01;109;;;
2017-08-02;89;;;
2017-08-03;80;;;
2017-08-04;94;;;
2017-08-05;54;;;
2017-08-06;56;;;
2017-08-07;49;;;
2017-08-08;60;;;
2017-08-09;16;;;
2017-08-10;12;;;
2017-08-11;24;;;
2017-08-12;31;;;
2017-08-13;21;;;
2017-08-14;59;;;
2017-08-15;25;;;
2017-08-16;43;;;
2017-08-17;63;;;
2017-08-18;34;;;
2017-08-19;27;;;
2017-08-20;17;;;
2017-08-21;44;;;
2017-08-22;12;;;
2017-08-23;13;;;
2017-08-24;15;;;
2017-08-25;36;;;
2017-08-26;51;;;
2017-08-27;23;;;
2017-08-28;17;;;
2017-08-29;16;;;
2017-08-30;34;;;
2017-08-31;44;;;
2017-09-01;15;;;
2017-09-02;14;;;
2017-09-03;24;;;
2017-09-04;25;;;
2017-09-05;29;;;
2017-09-06;57;;;
2017-09-07;17;;;
2017-09-08;9;;;
2017-09-09;21;;;
2017-09-10;31;;;
2017-09-11;32;;;
2017-09-12;22;;;
2017-09-13;11;;;
2017-09-14;7;;;
2017-09-15;15;;;
2017-09-16;24;;;
2017-09-17;20;;;
2017-09-18;17;;;
2017-09-19;9;;;
2017-09-20;8;;;
2017-09-21;14;;;
2017-09-22;15;;;
2017-09-23;12;;;
2017-09-24;8;;;
2017-09-25;17;;;
2017-09-26;16;;;
2017-09-27;19;;;
2017-09-28;14;;;
2017-09-29;20;;;
2017-09-30;14;;;
2017-10-01;14;;;
2017-10-02;11;;;
2017-10-03;12;;;
2017-10-04;9;;;
2017-10-05;8;;;
2017-10-06;12;;;
2017-10-07;10;;;
2017-10-08;6;;;
2017-10-09;4;;;
2017-10-10;7;;;
2017-10-11;7;;;
2017-10-12;9;;;
2017-10-13;13;;;
2017-10-14;13;;;
2017-10-15;14;;;
2017-10-16;7;;;
2017-10-17;7;;;
2017-10-18;7;;;
2017-10-19;9;;;
2017-10-20;10;;;
2017-10-21;11;;;
2017-10-22;9;;;
2017-10-23;8;;;
2017-10-24;6;;;
2017-10-25;8;;;
2017-10-26;7;;;
2017-10-27;8;;;
2017-10-28;3;;;
2017-10-29;4;;;
2017-10-30;6;;;
2017-10-31;5;;;
2017-11-01;8;;;
2017-11-02;6;;;
2017-11-03;8;;;
2017-11-04;9;;;
2017-11-05;6;;;
2017-11-06;8;;;
2017-11-07;9;;;
2017-11-08;8;;;
2017-11-09;7;;;
2017-11-10;10;;;
2017-11-11;7;;;
2017-11-12;7;;;
2017-11-13;7;;;
2017-11-14;7;;;
2017-11-15;4;;;
2017-11-16;6;;;
2017-11-17;5;;;
2017-11-18;7;;;
2017-11-19;5;;;
2017-11-20;7;;;
2017-11-21;10;;;
2017-11-22;8;;;
2017-11-23;8;;;
2017-11-24;9;;;
2017-11-25;12;;;
2017-11-26;9;;;
2017-11-27;7;;;
2017-11-28;8;;;
2017-11-29;11;;;
2017-11-30;14;;;
2017-12-01;11;;;
2017-12-02;10;;;
2017-12-03;8;;;
2017-12-04;10;;;
2017-12-05;9;;;
2017-12-06;10;;;
2017-12-07;10;;;
2017-12-08;7;;;
2017-12-09;8;;;
2017-12-10;8;;;
2017-12-11;10;;;
2017-12-12;6;;;
2017-12-13;5;;;
2017-12-14;8;;;
2017-12-15;5;;;
2017-12-16;4;;;
2017-12-17;5;;;
2017-12-18;6;;;
2017-12-19;8;;;
2017-12-20;8;;;
2017-12-21;7;;;
2017-12-22;7;;;
2017-12-23;7;;;
2017-12-24;7;;;
2017-12-25;6;;;
2017-12-26;5;;;
2017-12-27;5;;;
2017-12-28;5;;;
2017-12-29;6;;;
2017-12-30;5;;;
2017-12-31;9;;;
2018-01-01;7;;;
2018-01-02;7;;;
2018-01-03;6;;;
2018-01-04;4;;;
2018-01-05;6;;;
2018-01-06;7;;;
2018-01-07;7;;;
2018-01-08;;;6;
2018-01-09;;;5;
2018-01-10;;;6;
2018-01-11;;;3;
2018-01-12;;;6;
2018-01-13;5;;;
2018-01-14;7;;;
2018-01-15;4;;;
2018-01-16;9;;;
2018-01-17;8;;;
2018-01-18;7;;;
2018-01-19;7;;;
2018-01-20;8;;;
2018-01-21;7;;;
2018-01-22;8;;;
2018-01-23;8;;;
2018-01-24;8;;;
2018-01-25;10;;;
2018-01-26;7;;;
2018-01-27;6;;;
2018-01-28;5;;;
2018-01-29;9;;;
2018-01-30;7;;;
2018-01-31;9;;;
2018-02-01;17;;;
2018-02-02;11;;;
2018-02-03;12;;;
2018-02-04;8;;;
2018-02-05;6;;;
2018-02-06;8;;;
2018-02-07;6;;;
2018-02-08;5;;;
2018-02-09;5;;;
2018-02-10;6;;;
2018-02-11;7;;;
2018-02-12;10;;;
2018-02-13;13;;;
2018-02-14;10;;;
2018-02-15;9;;;
2018-02-16;13;;;
2018-02-17;8;;;
2018-02-18;4;;;
2018-02-19;4;;;
2018-02-20;5;;;
2018-02-21;6;;;
2018-02-22;5;;;
2018-02-23;4;;;
2018-02-24;5;;;
2018-02-25;5;;;
2018-02-26;8;;;
2018-02-27;7;;;
2018-02-28;6;;;
2018-03-01;11;;;
2018-03-02;10;;;
2018-03-03;9;;;
2018-03-04;8;;;
2018-03-05;7;;;
2018-03-06;17;;;
2018-03-07;11;;;
2018-03-08;9;;;
2018-03-09;9;;;
2018-03-10;6;;;
2018-03-11;5;;;
2018-03-12;5;;;
2018-03-13;7;;;
2018-03-14;7;;;
2018-03-15;7;;;
2018-03-16;7;;;
2018-03-17;6;;;
2018-03-18;3;;;
2018-03-19;6;;;
2018-03-20;12;;;
2018-03-21;10;;;
2018-03-22;4;;;
2018-03-23;6;;;
2018-03-24;7;;;
2018-03-25;8;;;
2018-03-26;9;;;
2018-03-27;18;;;
2018-03-28;20;;;
2018-03-29;15;;;
2018-03-30;19;;;
2018-03-31;7;;;
2018-04-01;10;;;
2018-04-02;9;;;
2018-04-03;18;;;
2018-04-04;27;;;
2018-04-05;9;;;
2018-04-06;12;;;
2018-04-07;12;;;
2018-04-08;9;;;
2018-04-09;6;;;
2018-04-10;6;;;
2018-04-11;3;;;
2018-04-12;12;;;
2018-04-13;16;;;
2018-04-14;24;;;
2018-04-15;36;;;
2018-04-16;26;;;
2018-04-17;11;;;
2018-04-18;20;;;
2018-04-19;36;;;
2018-04-20;33;;;
2018-04-21;37;;;
2018-04-22;26;;;
2018-04-23;14;;;
2018-04-24;27;;;
2018-04-25;39;;;
2018-04-26;19;;;
2018-04-27;9;;;
2018-04-28;32;;;
2018-04-29;40;;;
2018-04-30;36;;;
2018-05-01;40;;;
2018-05-02;28;;;
2018-05-03;19;;;
2018-05-04;24;;;
2018-05-05;31;;;
2018-05-06;9;;;
2018-05-07;13;;;
2018-05-08;17;;;
2018-05-09;26;;;
2018-05-10;25;;;
2018-05-11;57;;;
2018-05-12;50;;;
2018-05-13;16;;;
2018-05-14;13;;;
2018-05-15;16;;;
2018-05-16;38;;;
2018-05-17;31;;;
2018-05-18;16;;;
2018-05-19;28;;;
2018-05-20;50;;;
2018-05-21;20;;;
2018-05-22;39;;;
2018-05-23;105;;;
2018-05-24;113;;;
2018-05-25;110;;;
2018-05-26;64;;;
2018-05-27;85;;;
2018-05-28;51;;;
2018-05-29;16;;;
2018-05-30;42;;;
2018-05-31;28;;;
2018-06-01;51;;;
2018-06-02;96;;;
2018-06-03;55;;;
2018-06-04;94;;;
2018-06-05;129;;;
2018-06-06;46;;;
2018-06-07;44;;;
2018-06-08;84;;;
2018-06-09;24;;;
2018-06-10;12;;;
2018-06-11;32;;;
2018-06-12;49;;;
2018-06-13;33;;;
2018-06-14;58;;;
2018-06-15;100;;;
2018-06-16;155;;;
2018-06-17;80;;;
2018-06-18;43;;;
2018-06-19;41;;;
2018-06-20;23;;;
2018-06-21;24;;;
2018-06-22;66;;;
2018-06-23;123;;;
2018-06-24;45;;;
2018-06-25;93;;;
2018-06-26;121;;;
2018-06-27;72;;;
2018-06-28;29;;;
2018-06-29;50;;;
2018-06-30;58;;;
2018-07-01;37;;;
2018-07-02;35;;;
2018-07-03;35;;;
2018-07-04;21;;;
2018-07-05;20;;;
2018-07-06;17;;;
2018-07-07;14;;;
2018-07-08;42;;;
2018-07-09;80;;;
2018-07-10;45;;;
2018-07-11;35;;;
2018-07-12;57;;;
2018-07-13;86;;;
2018-07-14;29;;;
2018-07-15;11;;;
2018-07-16;24;;;
2018-07-17;19;;;
2018-07-18;34;;;
2018-07-19;48;;;
2018-07-20;64;;;
2018-07-21;81;;;
2018-07-22;29;;;
2018-07-23;43;;;
2018-07-24;110;;;
2018-07-25;96;;;
2018-07-26;111;;;
2018-07-27;57;;;
2018-07-28;76;;;
2018-07-29;51;;;
2018-07-30;39;;;
2018-07-31;50;;;
2018-08-01;124;;;
2018-08-02;120;;;
2018-08-03;34;;;
2018-08-04;32;;;
2018-08-05;92;;;
2018-08-06;68;;;
2018-08-07;13;;;
2018-08-08;50;;;
2018-08-09;82;;;
2018-08-10;66;;;
2018-08-11;72;;;
2018-08-13;14;;;
2018-08-14;17;;;
2018-08-15;34;;;
2018-08-17;48;;;
2018-08-18;9;;;
2018-08-19;27;;;
2018-08-20;46;;;
2018-08-21;48;;;
2018-08-22;28;;;
2018-08-23;21;;;
2018-08-24;35;;;
2018-08-25;12;;;
2018-08-26;25;;;
2018-08-27;36;;;
2018-08-29;61;;;
2018-08-30;28;;;
2018-08-31;33;;;
2018-09-01;29;;;
2018-09-02;32;;;
2018-09-03;14;;;
2018-09-04;14;;;
2018-09-05;25;;;
2018-09-06;16;;;
2018-09-07;27;;;
2018-09-08;37;;;
2018-09-09;41;;;
2018-09-10;23;;;
2018-09-11;17;;;
2018-09-12;27;;;
2018-09-13;24;;;
2018-09-14;18;;;
2018-09-15;18;;;
2018-09-16;15;;;
2018-09-17;21;;;
2018-09-18;8;;;
2018-09-19;26;;;
2018-09-20;28;;;
2018-09-21;19;;;
2018-09-22;10;;;
2018-09-23;6;;;
2018-09-24;12;;;
2018-09-25;22;;;
2018-09-26;27;;;
2018-09-27;16;;;
2018-09-28;17;;;
2018-09-29;6;;;
2018-09-30;7;;;
2018-10-01;6;;;
2018-10-02;8;;;
2018-10-03;8;;;
2018-10-04;11;;;
2018-10-05;13;;;
2018-10-06;20;;;
2018-10-07;13;;;
2018-10-08;6;;;
2018-10-09;5;;;
2018-10-10;20;;;
2018-10-11;16;;;
2018-10-12;10;;;
2018-10-13;14;;;
2018-10-14;13;;;
2018-10-15;6;;;
2018-10-16;3;;;
2018-10-17;2;;;
2018-10-18;3;;;
2018-10-19;4;;;
2018-10-20;4;;;
2018-10-21;2;;;
2018-10-22;6;;;
2018-10-23;14;;;
2018-10-24;3;;;
2018-10-25;5;;;
2018-10-26;6;;;
2018-10-27;7;;;
2018-10-28;4;;;
2018-10-29;3;;;
2018-10-30;4;;;
2018-10-31;4;;;
2018-11-01;10;;;
2018-11-02;4;;;
2018-11-03;5;;;
2018-11-04;2;;;
2018-11-05;5;;;
2018-11-06;6;;;
2018-11-07;9;;;
2018-11-08;7;;;
2018-11-09;4;;;
2018-11-10;2;;;
2018-11-11;2;;;
2018-11-12;2;;;
2018-11-13;4;;;
2018-11-14;5;;;
2018-11-15;3;;;
2018-11-16;2;;;
2018-11-17;2;;;
2018-11-18;2;;;
2018-11-19;4;;;
2018-11-20;5;;;
2018-11-21;3;;;
2018-11-22;2;;;
2018-11-23;4;;;
2018-11-24;4;;;
2018-11-25;4;;;
2018-11-26;4;;;
2018-11-27;5;;;
2018-11-28;6;;;
2018-11-29;7;;;
2018-11-30;8;;;
2018-12-01;6;;;
2018-12-02;7;;;
2018-12-03;5;;;
2018-12-04;6;;;
2018-12-05;10;;;
2018-12-06;11;;;
2018-12-07;7;;;
2018-12-08;3;;;
2018-12-09;3;;;
2018-12-10;3;;;
2018-12-11;3;;;
2018-12-12;4;;;
2018-12-13;2;;;
2018-12-14;2;;;
2018-12-15;3;;;
2018-12-16;4;;;
2018-12-17;4;;;
2018-12-18;8;;;
2018-12-19;8;;;
2018-12-20;5;;;
2018-12-21;7;;;
2018-12-22;8;;;
2018-12-23;8;;;
2018-12-24;8;;;
2018-12-25;8;;;
2018-12-26;6;;;
2018-12-27;4;;;
2018-12-28;5;;;
2018-12-29;3;;;
2018-12-30;3;;;
2018-12-31;7;;;
2019-01-01;4;;;
2019-01-02;5;;;
2019-01-03;5;;;
2019-01-04;7;;;
2019-01-05;11;;;
2019-01-06;5;;;
2019-01-07;4;;;
2019-01-08;1;;;
2019-01-09;4;;;
2019-01-10;3;;;
2019-01-11;3;;;
2019-01-12;3;;;
2019-01-13;3;;;
2019-01-14;3;;;
2019-01-15;8;;;
2019-01-16;4;;;
2019-01-17;5;;;
2019-01-18;;;5;
2019-01-19;;;2;
2019-01-20;;;2;
2019-01-21;;;3;
2019-01-22;9;;;
2019-01-23;10;;;
2019-01-24;13;;;
2019-01-25;14;;;
2019-01-26;9;;;
2019-01-27;12;;;
2019-01-28;10;;;
2019-01-29;11;;;
2019-01-30;10;;;
2019-01-31;13;;;
2019-02-01;11;;;
2019-02-02;12;;;
2019-02-03;11;;;
2019-02-04;11;;;
2019-02-05;16;;;
2019-02-06;28;;;
2019-02-07;14;;;
2019-02-08;16;;;
2019-02-09;14;;;
2019-02-10;11;;;
2019-02-11;8;;;
2019-02-12;9;;;
2019-02-13;9;;;
2019-02-14;15;;;
2019-02-15;17;;;
2019-02-16;12;;;
2019-02-17;19;;;
2019-02-18;22;;;
2019-02-19;12;;;
2019-02-20;8;;;
2019-02-21;5;;;
2019-02-22;8;;;
2019-02-23;6;;;
2019-02-24;5;;;
2019-02-25;6;;;
2019-02-26;10;;;
2019-02-27;21;;;
2019-02-28;12;;;
2019-03-01;10;;;
2019-03-02;9;;;
2019-03-03;11;;;
2019-03-04;7;;;
2019-03-05;7;;;
2019-03-06;8;;;
2019-03-07;7;;;
2019-03-08;8;;;
2019-03-09;9;;;
2019-03-10;10;;;
2019-03-11;12;;;
2019-03-12;13;;;
2019-03-13;13;;;
2019-03-14;9;;;
2019-03-15;9;;;
2019-03-16;11;;;
2019-03-17;10;;;
2019-03-18;8;;;
2019-03-19;8;;;
2019-03-20;26;;;
2019-03-21;26;;;
2019-03-22;18;;;
2019-03-23;32;;;
2019-03-24;20;;;
2019-03-25;17;;;
2019-03-26;14;;;
2019-03-27;14;;;
2019-03-28;19;;;
2019-03-29;31;;;
2019-03-30;64;;;
2019-03-31;18;;;
2019-04-01;30;;;
2019-04-02;29;;;
2019-04-03;18;;;
2019-04-04;8;;;
2019-04-05;13;;;
2019-04-06;28;;;
2019-04-07;36;;;
2019-04-08;18;;;
2019-04-09;18;;;
2019-04-10;34;;;
2019-04-11;40;;;
2019-04-12;23;;;
2019-04-13;25;;;
2019-04-14;12;;;
2019-04-15;22;;;
2019-04-16;29;;;
2019-04-17;34;;;
2019-04-18;25;;;
2019-04-19;19;;;
2019-04-20;15;;;
2019-04-21;29;;;
2019-04-22;35;;;
2019-04-23;29;;;
2019-04-24;46;;;
2019-04-25;46;;;
2019-04-26;41;;;
2019-04-27;52;;;
2019-04-28;33;;;
2019-04-29;17;;;
2019-04-30;43;;;
2019-05-01;47;;;
2019-05-02;59;;;
2019-05-03;47;;;
2019-05-04;27;;;
2019-05-05;13;;;
2019-05-07;19;;;
2019-05-08;18;;;
2019-05-09;21;;;
2019-05-10;32;;;
2019-05-11;68;;;
2019-05-12;50;;;
2019-05-13;33;;;
2019-05-14;69;;;
2019-05-15;59;;;
2019-05-16;48;;;
2019-05-17;28;;;
2019-05-18;19;;;
2019-05-19;27;;;
2019-05-20;34;;;
2019-05-21;53;;;
2019-05-22;60;;;
2019-05-23;77;;;
2019-05-24;118;;;
2019-05-25;85;;;
2019-05-26;44;;;
2019-05-27;48;;;
2019-05-28;30;;;
2019-05-29;24;;;
2019-05-30;18;;;
2019-05-31;13;;;
2019-06-01;41;;;
2019-06-02;52;;;
2019-06-03;55;;;
2019-06-04;55;;;
2019-06-05;29;;;
2019-06-06;24;;;
2019-06-07;36;;;
2019-06-08;58;;;
2019-06-09;44;;;
2019-06-10;26;;;
2019-06-11;37;;;
2019-06-12;22;;;
2019-06-13;18;;;
2019-06-14;29;;;
2019-06-15;44;;;
2019-06-16;40;;;
2019-06-17;39;;;
2019-06-18;32;;;
2019-06-19;35;;;
2019-06-20;94;;;
2019-06-21;82;;;
2019-06-22;61;;;
2019-06-23;125;;;
2019-06-24;63;;;
2019-06-25;66;;;
2019-06-26;52;;;
2019-06-27;32;;;
2019-06-28;35;;;
2019-06-29;26;;;
2019-06-30;45;;;
2019-07-01;48;;;
2019-07-02;80;;;
2019-07-03;49;;;
2019-07-04;24;;;
2019-07-05;42;;;
2019-07-06;65;;;
2019-07-07;67;;;
2019-07-08;59;;;
2019-07-09;94;;;
2019-07-10;103;;;
2019-07-11;48;;;
2019-07-12;40;;;
2019-07-13;62;;;
2019-07-14;57;;;
2019-07-15;25;;;
2019-07-16;46;;;
2019-07-17;55;;;
2019-07-18;41;;;
2019-07-19;79;;;
2019-07-20;61;;;
2019-07-21;26;;;
2019-07-22;35;;;
2019-07-23;49;;;
2019-07-24;76;;;
2019-07-25;44;;;
2019-07-26;50;;;
2019-07-27;73;;;
2019-07-28;71;;;
2019-07-29;33;;;
2019-07-30;60;;;
2019-07-31;46;;;
2019-08-01;21;;;
2019-08-02;24;;;
2019-08-03;55;;;
2019-08-04;76;;;
2019-08-05;54;;;
2019-08-06;27;;;
2019-08-07;26;;;
2019-08-08;31;;;
2019-08-09;60;;;
2019-08-10;69;;;
2019-08-11;54;;;
2019-08-12;43;;;
2019-08-13;46;;;
2019-08-14;59;;;
2019-08-15;32;;;
2019-08-16;21;;;
2019-08-17;16;;;
2019-08-18;23;;;
2019-08-19;41;;;
2019-08-20;34;;;
2019-08-21;25;;;
2019-08-22;28;;;
2019-08-23;50;;;
2019-08-24;33;;;
2019-08-25;33;;;
2019-08-26;41;;;
2019-08-27;28;;;
2019-08-28;30;;;
2019-08-29;11;;;
2019-08-30;18;;;
2019-08-31;13;;;
2019-09-01;15;;;
2019-09-02;27;;;
2019-09-03;58;;;
2019-09-04;45;;;
2019-09-05;14;;;
2019-09-06;31;;;
2019-09-07;16;;;
2019-09-08;15;;;
2019-09-09;22;;;
2019-09-10;36;;;
2019-09-11;21;;;
2019-09-12;18;;;
2019-09-13;27;;;
2019-09-14;23;;;
2019-09-15;7;;;
2019-09-16;9;;;
2019-09-17;23;;;
2019-09-18;23;;;
2019-09-19;6;;;
2019-09-20;8;;;
2019-09-21;10;;;
2019-09-22;12;;;
2019-09-23;18;;;
2019-09-24;19;;;
2019-09-25;14;;;
2019-09-26;11;;;
2019-09-27;12;;;
2019-09-28;19;;;
2019-09-29;9;;;
2019-09-30;13;;;
2019-10-01;14;;;
2019-10-02;18;;;
2019-10-03;12;;;
2019-10-04;15;;;
2019-10-05;17;;;
2019-10-06;9;;;
2019-10-07;7;;;
2019-10-08;11;;;
2019-10-09;13;;;
2019-10-10;17;;;
2019-10-11;19;;;
2019-10-12;22;;;
2019-10-13;16;;;
2019-10-14;13;;;
2019-10-15;10;;;
2019-10-16;12;;;
2019-10-17;9;;;
2019-10-18;11;;;
2019-10-19;11;;;
2019-10-20;6;;;
2019-10-21;6;;;
2019-10-22;11;;;
2019-10-23;12;;;
2019-10-24;8;;;
2019-10-25;9;;;
2019-10-26;7;;;
2019-10-27;6;;;
2019-10-28;4;;;
2019-10-29;6;;;
2019-10-30;10;;;
2019-10-31;7;;;
2019-11-01;6;;;
2019-11-02;6;;;
2019-11-03;7;;;
2019-11-04;7;;;
2019-11-05;12;;;
2019-11-06;13;;;
2019-11-07;8;;;
2019-11-08;14;;;
2019-11-09;13;;;
2019-11-10;10;;;
2019-11-11;13;;;
2019-11-12;10;;;
2019-11-13;10;;;
2019-11-14;11;;;
2019-11-15;9;;;
2019-11-16;7;;;
2019-11-17;9;;;
2019-11-18;10;;;
2019-11-19;12;;;
2019-11-20;11;;;
2019-11-21;11;;;
2019-11-22;13;;;
2019-11-23;9;;;
2019-11-24;7;;;
2019-11-25;7;;;
2019-11-26;6;;;
2019-11-27;9;;;
2019-11-28;7;;;
2019-11-29;8;;;
2019-11-30;9;;;
2019-12-01;9;;;
2019-12-02;12;;;
2019-12-03;12;;;
2019-12-04;13;;;
2019-12-05;12;;;
2019-12-06;10;;;
2019-12-07;10;;;
2019-12-08;9;;;
2019-12-09;9;;;
2019-12-10;8;;;
2019-12-11;9;;;
2019-12-12;9;;;
2019-12-13;10;;;
2019-12-14;11;;;
2019-12-15;8;;;
2019-12-16;9;;;
2019-12-17;10;;;
2019-12-18;12;;;
2019-12-19;9;;;
2019-12-20;8;;;
2019-12-21;9;;;
2019-12-22;9;;;
2019-12-23;10;;;
2019-12-24;7;;;
2019-12-25;6;;;
2019-12-26;10;;;
2019-12-27;15;;;
2019-12-28;9;;;
2019-12-29;11;;;
2019-12-30;13;;;
2019-12-31;15;;;
2020-01-01;;14;;
2020-01-02;;12;;
2020-01-03;;13;;
2020-01-04;;10;;
2020-01-05;;18;;
2020-01-06;;9;;
2020-01-07;;10;;
2020-01-08;;6;;
2020-01-09;;8;;
2020-01-10;;8;;
2020-01-11;;9;;
2020-01-12;;12;;
2020-01-13;;12;;
2020-01-14;;;8;
2020-01-15;;;2;
2020-01-16;;;2;
2020-01-17;;;6;
2020-01-18;;16;;
2020-01-19;;15;;
2020-01-20;;13;;
2020-01-21;;16;;
2020-01-22;;12;;
2020-01-23;;10;;
2020-01-24;;15;;
2020-01-25;;20;;
2020-01-26;;11;;
2020-01-27;;12;;
2020-01-28;;16;;
2020-01-29;;14;;
2020-01-30;;11;;
2020-01-31;;17;;
2020-02-01;;12;;
2020-02-02;;7;;
2020-02-03;;6;;
2020-02-04;;7;;
2020-02-05;;8;;
2020-02-06;;8;;
2020-02-07;;9;;
2020-02-08;;13;;
2020-02-09;;13;;
2020-02-10;;17;;
2020-02-11;;18;;
2020-02-12;;17;;
2020-02-13;;9;;
2020-02-14;;10;;
2020-02-15;;10;;
2020-02-16;;10;;
2020-02-17;;6;;
2020-02-18;;8;;
2020-02-19;;11;;
2020-02-20;;14;;
2020-02-21;;14;;
2020-02-22;;12;;
2020-02-23;;13;;
2020-02-24;;14;;
2020-02-25;;14;;
2020-02-26;;14;;
2020-02-27;;17;;
2020-02-28;;16;;
2020-02-29;;14;;
2020-03-01;;8;;
2020-03-02;;10;;
2020-03-03;;12;;
2020-03-04;;16;;
2020-03-05;;23;;
2020-03-06;;14;;
2020-03-07;;9;;
2020-03-08;;13;;
2020-03-09;;13;;
2020-03-10;;14;;
2020-03-11;;8;;
2020-03-12;;5;;
2020-03-13;;7;;
2020-03-14;;9;;
2020-03-15;;9;;
2020-03-16;;13;;
2020-03-17;;12;;
2020-03-18;;11;;
2020-03-19;;10;;
2020-03-20;;13;;
2020-03-21;;8;;
2020-03-22;;9;;
2020-03-23;;6;;
2020-03-24;;10;;
2020-03-25;;10;;
2020-03-26;;12;;
2020-03-27;;12;;
2020-03-28;;18;;
2020-03-29;;14;;
2020-03-30;;11;;
2020-03-31;;13;;
2020-04-01;;22;;
2020-04-02;;21;;
2020-04-03;;21;;
2020-04-04;;11;;
2020-04-05;;10;;
2020-04-06;;16;;
2020-04-07;;41;;
2020-04-08;;23;;
2020-04-09;;19;;
2020-04-10;;43;;
2020-04-11;;33;;
2020-04-12;;23;;
2020-04-13;;30;;
2020-04-14;;44;;
2020-04-15;;27;;
2020-04-16;;34;;
2020-04-17;;35;;
2020-04-18;;22;;
2020-04-19;;9;;
2020-04-20;;15;;
2020-04-21;;20;;
2020-04-22;;32;;
2020-04-23;;16;;
2020-04-24;;11;;
2020-04-25;;14;;
2020-04-26;;12;;
2020-04-27;;13;;
2020-04-28;;17;;
2020-04-29;;21;;
2020-04-30;;;57;
2020-05-01;;48;;
2020-05-02;;60;;
2020-05-03;;22;;
2020-05-04;;23;;
2020-05-05;;28;;
2020-05-06;;36;;
2020-05-07;;55;;
2020-05-08;;42;;
2020-05-09;;43;;
2020-05-10;;22;;
2020-05-11;;19;;
2020-05-12;;36;;
2020-05-13;;74;;
2020-05-14;;62;;
2020-05-15;;38;;
2020-05-16;;30;;
2020-05-17;;43;;
2020-05-18;;28;;
2020-05-19;;29;;
2020-05-20;;34;;
2020-05-21;;57;;
2020-05-22;;60;;
2020-05-23;;75;;
2020-05-24;;50;;
2020-05-25;;34;;
2020-05-26;;51;;
2020-05-27;;27;;
2020-05-28;;50;;
2020-05-29;;28;;
2020-05-30;;51;;
2020-05-31;;49;;
2020-06-01;;65;;
2020-06-02;;78;;
2020-06-03;;63;;
2020-06-04;;72;;
2020-06-05;;85;;
2020-06-06;;79;;
2020-06-07;;88;;
2020-06-08;;79;;
2020-06-09;;59;;
2020-06-10;;70;;
2020-06-11;;33;;
2020-06-12;;28;;
2020-06-13;;44;;
2020-06-14;;53;;
2020-06-15;;24;;
2020-06-16;;32;;
2020-06-17;;20;;
2020-06-18;;21;;
2020-06-19;;24;;
2020-06-20;;19;;
2020-06-21;;32;;
2020-06-22;;22;;
2020-06-23;;19;;
2020-06-24;;17;;
2020-06-25;;35;;
2020-06-26;;38;;
2020-06-27;;;107;
2020-06-28;;;35;
2020-06-30;;29;;
2020-07-01;;11;;
2020-07-02;;23;;
2020-07-03;;34;;
2020-07-04;;15;;
2020-07-05;;10;;
2020-07-06;;32;;
2020-07-07;;46;;
2020-07-08;;13;;
2020-07-09;;50;;
2020-07-10;;42;;
2020-07-11;;18;;
2020-07-12;;70;;
2020-07-13;;47;;
2020-07-14;;48;;
2020-07-15;;69;;
2020-07-16;;45;;
2020-07-17;;27;;
2020-07-18;;16;;
2020-07-19;;11;;
2020-07-20;;28;;
2020-07-21;;22;;
2020-07-22;;53;;
2020-07-23;;78;;
2020-07-24;;67;;
2020-07-25;;56;;
2020-07-26;;57;;
2020-07-27;;14;;
2020-07-28;;32;;
2020-07-29;;96;;
2020-07-30;;64;;
2020-07-31;;90;;
2020-08-01;;57;;
2020-08-02;;32;;
2020-08-03;;17;;
2020-08-04;;47;;
2020-08-05;;15;;
2020-08-06;;30;;
2020-08-07;;49;;
2020-08-08;;71;;
2020-08-09;;41;;
2020-08-10;;8;;
2020-08-11;;17;;
2020-08-12;;39;;
2020-08-13;;63;;
2020-08-14;;19;;
2020-08-15;;13;;
2020-08-16;;22;;
2020-08-17;;36;;
2020-08-18;;74;;
2020-08-19;;33;;
2020-08-20;;52;;
2020-08-21;;70;;
2020-08-22;;49;;
2020-08-23;;21;;
2020-08-24;;15;;
2020-08-25;;19;;
2020-08-26;;16;;
2020-08-27;;29;;
2020-08-28;;19;;
2020-08-29;;12;;
2020-08-30;;12;;
2020-08-31;;21;;
2020-09-01;;40;;
2020-09-02;;34;;
2020-09-03;;22;;
2020-09-04;;24;;
2020-09-05;;21;;
2020-09-06;;25;;
2020-09-07;;32;;
2020-09-08;;24;;
2020-09-09;;20;;
2020-09-10;;15;;
2020-09-11;;14;;
2020-09-12;;14;;
2020-09-13;;9;;
2020-09-14;;18;;
2020-09-15;;20;;
2020-09-16;;24;;
2020-09-17;;20;;
2020-09-18;;9;;
2020-09-19;;14;;
2020-09-20;;11;;
2020-09-21;;22;;
2020-09-22;;28;;
2020-09-23;;25;;
2020-09-24;;27;;
2020-09-25;;14;;
2020-09-26;;10;;
2020-09-27;;22;;
2020-09-28;;18;;
2020-09-29;;11;;
2020-09-30;;11;;
2020-10-01;;17;;
2020-10-02;;14;;
2020-10-03;;14;;
2020-10-04;;7;;
2020-10-05;;14;;
2020-10-06;;14;;
2020-10-07;;11;;
2020-10-08;;13;;
2020-10-09;;14;;
2020-10-10;;10;;
2020-10-11;;12;;
2020-10-12;;14;;
2020-10-13;;14;;
2020-10-14;;10;;
2020-10-15;;15;;
2020-10-16;;12;;
2020-10-17;;14;;
2020-10-18;;11;;
2020-10-19;;9;;
2020-10-20;;9;;
2020-10-21;;13;;
2020-10-22;;14;;
2020-10-23;;12;;
2020-10-24;;8;;
2020-10-25;;8;;
2020-10-26;;9;;
2020-10-27;;8;;
2020-10-28;;8;;
2020-10-29;;12;;
2020-10-30;;17;;
2020-10-31;;16;;
2020-11-01;;11;;
2020-11-02;;11;;
2020-11-03;;15;;
2020-11-04;;11;;
2020-11-05;;9;;
2020-11-06;;12;;
2020-11-07;;12;;
2020-11-08;;11;;
2020-11-09;;13;;
2020-11-10;;12;;
2020-11-11;;9;;
2020-11-12;;15;;
2020-11-13;;11;;
2020-11-14;;8;;
2020-11-15;;9;;
2020-11-16;;11;;
2020-11-17;;10;;
2020-11-18;;12;;
2020-11-19;;8;;
2020-11-20;;5;;
2020-11-21;;6;;
2020-11-22;;6;;
2020-11-23;;6;;
2020-11-24;;6;;
2020-11-25;;7;;
2020-11-26;;8;;
2020-11-27;;10;;
2020-11-28;;7;;
2020-11-29;;7;;
2020-11-30;;10;;
2020-12-01;;10;;
2020-12-02;;10;;
2020-12-03;;9;;
2020-12-04;;10;;
2020-12-05;;12;;
2020-12-06;;14;;
2020-12-07;;10;;
2020-12-08;;8;;
2020-12-09;;11;;
2020-12-10;;12;;
2020-12-11;;9;;
2020-12-12;;7;;
2020-12-13;;6;;
2020-12-14;;6;;
2020-12-15;;8;;
2020-12-18;;9;;
2020-12-19;;10;;
2020-12-20;;9;;
2020-12-21;;9;;
2020-12-22;;11;;
2020-12-23;;9;;
2020-12-24;;10;;
2020-12-25;;8;;
2020-12-26;;9;;
2020-12-27;;6;;
2020-12-28;;9;;
2020-12-29;;6;;
2020-12-30;;7;;
2020-12-31;;11;;
2021-01-01;;12;;
2021-01-02;;11;;
2021-01-03;;10;;
2021-01-04;;11;;
2021-01-05;;15;;
2021-01-06;;15;;
2021-01-07;;11;;
2021-01-08;;13;;
2021-01-09;;10;;
2021-01-10;;6;;
2021-01-11;;6;;
2021-01-12;;9;;
2021-01-13;;11;;
2021-01-14;;12;;
2021-01-15;;9;;
2021-01-16;;8;;
2021-01-17;;9;;
2021-01-18;;15;;
2021-01-19;;17;;
2021-01-20;;13;;
2021-01-21;;11;;
2021-01-22;;11;;
2021-01-23;;10;;
2021-01-24;;10;;
2021-01-25;;12;;
2021-01-26;;17;;
2021-01-27;;14;;
2021-01-28;;10;;
2021-01-29;;9;;
2021-01-31;;4;;
2021-02-01;;;5;
2021-02-02;;;2;
2021-02-03;;;1;
2021-02-04;;;2;
2021-02-05;;6;;
2021-02-06;;5;;
2021-02-07;;5;;
2021-02-08;;10;;
2021-02-09;;10;;
2021-02-10;;6;;
2021-02-11;;3;;
2021-02-12;;6;;
2021-02-13;;8;;
2021-02-14;;6;;
2021-02-15;;7;;
2021-02-16;;6;;
2021-02-17;;7;;
2021-02-18;;5;;
2021-02-19;;5;;
2021-02-20;;9;;
2021-02-21;;8;;
2021-02-22;;8;;
2021-02-23;;10;;
2021-02-24;;11;;
2021-02-25;;9;;
2021-02-26;;10;;
2021-02-27;;11;;
2021-02-28;;9;;
2021-03-01;;9;;
2021-03-02;;9;;
2021-03-03;;9;;
2021-03-04;;11;;
2021-03-05;;4;;
2021-03-06;;7;;
2021-03-07;;9;;
2021-03-08;;11;;
2021-03-09;;11;;
2021-03-10;;10;;
2021-03-11;;7;;
2021-03-12;;7;;
2021-03-13;;8;;
2021-03-14;;6;;
2021-03-15;;5;;
2021-03-16;;7;;
2021-03-17;;10;;
2021-03-18;;10;;
2021-03-19;;8;;
2021-03-20;;7;;
2021-03-21;;7;;
2021-03-22;;9;;
2021-03-23;;21;;
2021-03-24;;20;;
2021-03-25;;14;;
2021-03-26;;17;;
2021-03-27;;19;;
2021-03-28;;17;;
2021-03-29;;12;;
2021-03-30;;15;;
2021-03-31;;44;;
2021-04-01;;26;;
2021-04-02;;21;;
2021-04-03;;19;;
2021-04-04;;14;;
2021-04-05;;10;;
2021-04-06;;10;;
2021-04-07;;23;;
2021-04-08;;8;;
2021-04-09;;14;;
2021-04-10;;15;;
2021-04-11;;16;;
2021-04-12;;16;;
2021-04-13;;18;;
2021-04-14;;19;;
2021-04-15;;22;;
2021-04-16;;27;;
2021-04-17;;15;;
2021-04-18;;18;;
2021-04-19;;23;;
2021-04-20;;11;;
2021-04-21;;7;;
2021-04-22;;13;;
2021-04-23;;36;;
2021-04-24;;43;;
2021-04-25;;43;;
2021-04-26;;41;;
2021-04-27;;60;;
2021-04-28;;56;;
2021-04-29;;47;;
2021-04-30;;33;;
2021-05-01;;23;;
2021-05-02;;29;;
2021-05-03;;15;;
2021-05-04;;35;;
2021-05-05;;51;;
2021-05-06;;45;;
2021-05-07;;30;;
2021-05-08;;24;;
2021-05-09;;35;;
2021-05-10;;78;;
2021-05-11;;87;;
2021-05-12;;79;;
2021-05-13;;95;;
2021-05-14;;89;;
2021-05-15;;75;;
2021-05-16;;71;;
2021-05-17;;75;;
2021-05-18;;48;;
2021-05-19;;40;;
2021-05-20;;38;;
2021-05-21;;26;;
2021-05-22;;40;;
2021-05-23;;19;;
2021-05-24;;32;;
2021-05-25;;43;;
2021-05-26;;65;;
2021-05-27;;72;;
2021-05-28;;32;;
2021-05-29;;19;;
2021-05-30;;25;;
2021-05-31;;45;;
2021-06-01;;49;;
2021-06-02;;18;;
2021-06-03;;13;;
2021-06-04;;11;;
2021-06-05;;25;;
2021-06-06;;27;;
2021-06-07;;49;;
2021-06-08;;60;;
2021-06-09;;49;;
2021-06-10;;18;;
2021-06-11;;41;;
2021-06-12;;37;;
2021-06-13;;41;;
2021-06-14;;14;;
2021-06-15;;40;;
2021-06-16;;71;;
2021-06-17;;90;;
2021-06-18;;86;;
2021-06-19;;53;;
2021-06-20;;93;;
2021-06-21;;53;;
2021-06-22;;56;;
2021-06-23;;21;;
2021-06-24;;47;;
2021-06-25;;40;;
2021-06-26;;49;;
2021-06-27;;46;;
2021-06-28;;91;;
2021-06-29;;137;;
2021-06-30;;146;;
2021-07-01;;133;;
2021-07-02;;46;;
2021-07-03;;63;;
2021-07-04;;109;;
2021-07-05;;88;;
2021-07-06;;65;;
2021-07-07;;68;;
2021-07-08;;77;;
2021-07-09;;54;;
2021-07-10;;18;;
2021-07-11;;32;;
2021-07-12;;78;;
2021-07-13;;28;;
2021-07-14;;21;;
2021-07-15;;51;;
2021-07-16;;60;;
2021-07-17;;23;;
2021-07-18;;47;;
2021-07-19;;91;;
2021-07-20;;94;;
2021-07-21;;90;;
2021-07-22;;65;;
2021-07-23;;47;;
2021-07-24;;56;;
2021-07-25;;30;;
2021-07-26;;15;;
2021-07-27;;48;;
2021-07-28;;93;;
2021-07-30;;110;;
2021-07-31;;69;;
2021-08-01;;67;;
2021-08-02;;84;;
2021-08-03;;58;;
2021-08-04;;58;;
2021-08-05;;68;;
2021-08-06;;67;;
2021-08-07;;36;;
2021-08-08;;49;;
2021-08-09;;58;;
2021-08-10;;70;;
2021-08-11;;87;;
2021-08-12;;91;;
2021-08-13;;50;;
2021-08-14;;85;;
2021-08-15;;59;;
2021-08-16;;23;;
2021-08-17;;13;;
2021-08-18;;15;;
2021-08-19;;17;;
2021-08-20;;36;;
2021-08-21;;13;;
2021-08-22;;14;;
2021-08-23;;21;;
2021-08-24;;31;;
2021-08-25;;26;;
2021-08-26;;28;;
2021-08-27;;30;;
2021-08-28;;31;;
2021-08-29;;37;;
2021-08-30;;22;;
2021-08-31;;20;;
2021-09-01;;34;;
2021-09-02;;33;;
2021-09-03;;16;;
2021-09-04;;13;;
2021-09-05;;19;;
2021-09-06;;11;;
2021-09-07;;27;;
2021-09-08;;26;;
2021-09-09;;29;;
2021-09-10;;42;;
2021-09-11;;13;;
2021-09-12;;9;;
2021-09-13;;21;;
2021-09-14;;21;;
2021-09-15;;20;;
2021-09-16;;22;;
2021-09-17;;23;;
2021-09-18;;30;;
2021-09-19;;20;;
2021-09-20;;20;;
2021-09-21;;20;;
2021-09-22;;13;;
2021-09-23;;18;;
2021-09-24;;22;;
2021-09-25;;11;;
2021-09-26;;11;;
2021-09-27;;15;;
2021-09-28;;20;;
2021-09-29;;14;;
2021-09-30;;8;;
2021-10-01;;8;;
2021-10-02;;7;;
2021-10-03;;11;;
2021-10-04;;15;;
2021-10-05;;19;;
2021-10-06;;15;;
2021-10-07;;14;;
2021-10-08;;12;;
2021-10-09;;16;;
2021-10-10;;10;;
2021-10-11;;15;;
2021-10-12;;11;;
2021-10-13;;8;;
2021-10-14;;8;;
2021-10-15;;10;;
2021-10-16;;9;;
2021-10-17;;9;;
2021-10-18;;11;;
2021-10-19;;12;;
2021-10-20;;12;;
2021-10-21;;16;;
2021-10-22;;10;;
2021-10-23;;10;;
2021-10-24;;8;;
2021-10-25;;8;;
2021-10-26;;8;;
2021-10-27;;10;;
2021-10-28;;12;;
2021-10-29;;12;;
2021-10-30;;10;;
2021-10-31;;12;;
2021-11-01;;10;;
2021-11-02;;9;;
2021-11-03;;5;;
2021-11-04;;8;;
2021-11-05;;10;;
2021-11-06;;9;;
2021-11-07;;10;;
2021-11-08;;7;;
2021-11-09;;7;;
2021-11-10;;7;;
2021-11-11;;8;;
2021-11-12;;4;;
2021-11-13;;5;;
2021-11-14;;7;;
2021-11-15;;6;;
2021-11-16;;9;;
2021-11-17;;9;;
2021-11-18;;8;;
2021-11-19;;8;;
2021-11-20;;10;;
2021-11-21;;8;;
2021-11-22;;6;;
2021-11-23;;6;;
2021-11-24;;4;;
2021-11-25;;10;;
2021-11-26;;9;;
2021-11-27;;7;;
2021-11-28;;8;;
2021-11-29;;8;;
